id,name,definition,denominator,geography,canonical_source,canonical_dataset,newest_period,recommended_surface,class,do_not_mix,validation_status,refresh_class
sales_recorded_by_origin,Recorded home sales by buyer residence,Count of recorded single-family + condo sales by buyer address: Hawaiʻi / other US (mainland) / foreign,Share = category ÷ all recorded sales in the area and period,State; 4 counties,TG_BUYER (via DBEDT_DATABOOK for 2008–2025 annual),"page_data.json#tg (annual 2008–2025); page_data.json#tg_h1, #tg_q (2024Q1–2026Q2)",Jan–Jun 2026,quarterly,historical evidence,"Do not mix DBEDT 2024 (18,007) with Title Guaranty 2024 (16,716/16,709): for 2024 compare shares, or use TG for both years. Do not compare recorded counts with MLS counts.",verified,"PUBLISHER-TIMED, QUARTERLY — show the edition and period covered"
avg_price_by_origin,Average price paid by buyer residence,"Dollar volume ÷ sales for local, mainland, foreign",Per sale,State; counties,DBEDT_DATABOOK,"page_data.json#tg (avg_local, avg_mainland, avg_foreign)",2025,quarterly,historical evidence,TG panels print rounded dollars ($X.XB); use DBEDT averages for exact values.,verified,"PUBLISHER-TIMED, QUARTERLY — show the edition and period covered"
buyer_states_countries,Top out-of-state buyer states and foreign countries,"Top-10 states (incl. Hawaiʻi) and up to 5 countries per panel, by count and dollars",Listed states cover ~73–82% of other-US buyers; no full state list exists,State; 4 island panels,TG_BUYER,sources/tg.json,Jan–Jun 2026,quarterly,historical evidence,"Rank only within one edition; later editions restate. Japan/Korea/Canada = buyer address country, never nationality.",verified,"PUBLISHER-TIMED, QUARTERLY — show the edition and period covered"
district_buyer_origin,Buyer residence by Title Guaranty district,District other-US share = (US TOTAL − Hawaiʻi row) ÷ (US TOTAL + FOREIGN TOTAL),District total sales,26 TG districts,TG_BUYER,gap/tg_districts.json#district_summary,Jan–Jun 2026,quarterly,historical evidence,"Hilo 2024 includes a one-off batch of 232 California-address transfers (~$151K each): use 2025+ for district trends. Districts are TG’s own, not ZIPs or tax districts.",verified,"PUBLISHER-TIMED, QUARTERLY — show the edition and period covered"
oahu_buyers_by_price_tier,Oʻahu buyers by price tier (2023–25),Recorded sales matched to the Oct 2026 owner roll by buyer mailing address; local/mainland/foreign share per tier,"Deals with a classifiable address, institutional addresses excluded",Oʻahu,HNL_SALES_EXTRACT + HNL_OWNER_ROLL,micro/oahu_join.json#results.headline.tier_share,2023–Sep 2025,historical/annual,historical evidence,Use TG for island-wide levels; this join is for tier comparisons (calibrated within ~1–4 pt of TG). $10M+ cell n=14: indicative only.,verified,"PUBLISHER-TIMED, ANNUAL / HISTORICAL"
maui_nonhomeowner_share,Maui sales to buyers without a homeowner exemption,"Share of Maui sales recorded on the non-homeowner conveyance-tax schedule, by FY and price bin",All Maui sales in the FY/bin,Maui County,MAUI_RPT_SALES,page_data.json#maui_fy; micro/maui_join.json,FY2026,annual,historical evidence,Not the same as out-of-state: includes local landlords and investors. Do not present as a count of second homes. Title Guaranty Maui mainland share (25% in 2025) measures something different; show both with this caveat.,verified,"PUBLISHER-TIMED, ANNUAL / HISTORICAL"
luxury_sales_counts,$3M+ and $10M+ sales counts,Company-reported MLS counts of sales at $3M+ and $10M+,—,Four islands,HL_LUXURY (reported),micro/luxury.json#hawaii_life,Jan–Jun 2026,semiannual (reported),historical evidence,Company-reported; label Reported. Rebuilding from public records is future work.,verified as transcribed; source is reported,"PUBLISHER-TIMED, SEMIANNUAL (company-reported)"
mls_sales_medians_monthly,MLS sales counts and median prices,Monthly single-family and condo resales and medians,—,Four counties,DBEDT_MEI,handoff/refresh/state/last_good/dbedt_mei_county_housing.json (automated; supersedes the page_data.json#islands snapshot for months after 2026-08),August 2026,monthly,historical evidence,Monthly medians are not annual medians; do not average them into an annual median. The September 2026 board figures in #now are a first look (BOARD_MLS_STATS); keep DBEDT_MEI canonical for the monthly series once September lands (about 2026-10-29). YTD: show DBEDT's published YTD (ytd_published); the sum of monthly rows is lower for the current year on the neighbor islands. Never derive a statewide median.,verified,"PUBLISHER-TIMED, MONTHLY — show “as of <month>” and the next expected release from source_registry.json"
district_scorecards_ytd,"District YTD sales and medians, 2026 vs 2025","MLS resales and YTD medians by board district, houses and condos",Same months of prior year,Board districts on all four islands,BOARD_MLS_STATS,micro/district_ytd.json,Jan–Aug 2026 (Maui Jan–Sep); island-level September 2026 in sources/market_oct.json,monthly,historical evidence,Recorded (TG/DBEDT) and MLS counts differ (developer closings); quote separately.,verified (final audit re-parsed every row),"PUBLISHER-TIMED, MONTHLY — show “as of <month>” and the next expected release from source_registry.json"
oahu_repeat_sales_index,Oʻahu repeat-sales price index,"Weighted repeat-sales index, 2015 = 100, island and TMK zone",—,"Oʻahu, TMK zones",HNL_SALES_EXTRACT,"moku_index.json; page_data.json#moku_index, #zones",2025 (2024 last full year),annual/historical,historical evidence,Extract keeps latest two sales per parcel; 2025 thin after April.,verified (corr. 0.94 with Zillow ZHVI YoY),"PUBLISHER-TIMED, ANNUAL / HISTORICAL"
active_listings_dom_pricecuts,"Active listings, days on market, price-cut share",Realtor.com monthly listing metrics,Price-cut share = listings with a reduction ÷ active listings,Counties; ZIPs,REALTOR_COM,micro/rdc_zip.json; page_data.json (islands.*.rdc),September 2026,monthly,"market-influence indicator (context; correlation, not causation)",Maui County flagged lower quality every month Dec 2025–Sep 2026; Kauaʻi Sep 2026 price-cut share (4.8%) is a data gap (use Aug 15.2% with note). ZIP YoY suppressed where Sep 2025 had <10 listings.,verified,LIVE — reuse the existing Hawaiʻi Intelligence inventory feed; show its last successful refresh timestamp. The report’s Realtor.com September 2026 values are a dated snapshot for history only.
months_of_supply,Months of supply,Realtor.com active listings ÷ 3-month average DBEDT sales,3-month average sales,Four counties,Calculated from REALTOR_COM + DBEDT_MEI,page_data.json#ext.mos,August 2026,monthly,"market-influence indicator (context; correlation, not causation)","Maui board’s own figure differs (11.0 overall; houses 7.8, condos 12.1) from the report’s 9.6: label the method on every display; prefer board data for Maui. September 2026 board figures: Oʻahu houses 3.2 / condos 7.0 (HBR), Maui houses 7.8 / condos 12.1 (RAM); boards use active ÷ 12-month average closed. The report's method rolled to September (provisional, until DBEDT September): Oʻahu 5.2, Maui 10.4, Kauaʻi 9.6, Hawaiʻi Island 7.1.",verified (method); Maui competing figure documented,"DERIVED, MIXED CADENCE — live inventory ÷ publisher-timed DBEDT monthly sales; show both as-of dates; never label as live."
mortgage_rate_30y,30-year fixed mortgage rate,Freddie Mac PMMS weekly average,—,US,FREDDIE_PMMS,handoff/raw_manifests/pmms.MANIFEST.txt (weekly); page_data.json#mortgage (monthly),Week of 2026-10-08 (7.40%),WEEKLY,"market-influence indicator (context; correlation, not causation)",page_data monthly October 2026 point (7.28) is only the first week: recompute when the month closes; use the weekly series in a weekly brief.,verified 2026-10-09 against Freddie Mac file,"LIVE — reuse the existing Hawaiʻi Intelligence mortgage-rate feed; show its last successful refresh timestamp. The report’s PMMS values (Oct 8, 2026: 7.40%) are a dated snapshot for history only."
payment_share_of_income,Mortgage payment on a median house ÷ median household income,"30-yr P&I on 80% of county median single-family price at the annual average PMMS rate, ÷ ACS median household income",Median household income (2025 uses 2024 income held flat),Four counties,Calculated from DBEDT_MEI + FREDDIE_PMMS + CENSUS_ACS,page_data.json#ext.afford,2025 (2026 YTD in Why box),annual (refresh monthly only if rates move materially),"market-influence indicator (context; correlation, not causation)","Excludes taxes, insurance and HOA dues. Price vs rate attribution depends on order: on Oʻahu each 14–24 points; state as a range.",verified (decomposition recomputed 2026-10-09),"PUBLISHER-TIMED, ANNUAL / HISTORICAL"
household_income_values_rents,"Income, home value, rent, tenure, vacancy",ACS 1-year county estimates,—,Four counties,CENSUS_ACS,page_data.json#acs,2024,annual,"market-influence indicator (context; correlation, not causation)",Survey estimates with margins of error.,verified,"PUBLISHER-TIMED, ANNUAL / HISTORICAL"
seasonal_vacancy_share,Homes held for seasonal or occasional use,ACS PUMS seasonal vacancy ÷ housing units,Housing units,Counties,CENSUS_ACS (PUMS),page_data.json#pums.vacancy,2024,annual,"market-influence indicator (context; correlation, not causation)",—,verified,"PUBLISHER-TIMED, ANNUAL / HISTORICAL"
building_permits,Housing units authorized,Census BPS units authorized,—,State; counties,CENSUS_BPS,"page_data.json#ext.permits_state, #ext.permits_county",2026 YTD,monthly (context),"market-influence indicator (context; correlation, not causation)",Permits ≠ completions.,not independently re-verified in this PR,"PUBLISHER-TIMED, MONTHLY — show “as of <month>” and the next expected release from source_registry.json"
visitor_arrivals_monthly,"Visitor arrivals (domestic, international)",DBEDT monthly arrivals by air,—,State; islands,DBEDT_MEI,"page_data.json#arr_dom, #arr_intl",August 2026,monthly,"market-influence indicator (context; correlation, not causation)",HTA series repeats Maui 2021 as 2022: use DBEDT series only.,verified,"PUBLISHER-TIMED, MONTHLY — show “as of <month>” and the next expected release from source_registry.json"
visitor_metro_overindex,Visitor origin metros and over-index by island,Metro’s island share ÷ all-metro island share; Utah’s three metros combined,All listed metros,Islands × US metros,DBEDT_VISITOR_ANNUAL,"sources/visitors_2025.json (2025, current); vis_cbsa.json and sources/visitors.json (2024 history)",2025,annual,"market-influence indicator (context; correlation, not causation)","Visitors signal interest, not buyers. Show the 2025 lists as current; show 2024 only as history with its year. Rankings shift from year to year (Maui: Minneapolis 1.31× in 2024, 1.09× in 2025).",verified (2024 and 2025),"PUBLISHER-TIMED, ANNUAL / HISTORICAL"
household_migration,Household moves in and out (IRS),Tax returns moving between Hawaiʻi counties and US counties/states; AGI per return,—,Counties × metros/states,IRS_SOI_MIGRATION,"page_data.json#irs20, #corridors, #state_corr, #dest4; irs_instate.json",2022–23,annual/historical,"market-influence indicator (context; correlation, not causation)","Households, not buyers or sellers. “Fastest-growing exit” depends on base years: from 2004–08 Denver/SLC/Portland; from 2011–14 Las Vegas (+60%). State both.",verified (2013–14+ hash-matched; earlier mirror files unchecked),"PUBLISHER-TIMED, ANNUAL / HISTORICAL"
financed_purchase_occupancy,Mortgaged purchases not for a main home; VA share,HMDA originated purchase loans: second home + investment share; VA loan share; by tier and county subdivision,Originated purchase loans (financed only),Counties; county subdivisions,FFIEC_HMDA,sources/hmda.json; micro/hmda_tiers.json; gap/hmda_tract.json,2025,annual,historical evidence,Financed purchases only. Do not call it “won’t live there”; second homes are part-time use. 2019 vs 2025 tiers are nominal dollars (price-adjusted 2019 luxury share ≈54% vs 71% nominal).,verified,"PUBLISHER-TIMED, ANNUAL / HISTORICAL"
offisland_ownership_stock,Residential parcels owned from outside Hawaiʻi,Owner tax-bill mailing address outside Hawaiʻi ÷ residential parcels with an address,Residential parcels with a mailing address,"Oʻahu (ZIP, metro); Maui County (district)",HNL_OWNER_ROLL; MAUI_PARCEL_FABRIC,owners/oahu_individual.json; sources/owners_oahu.json; sources/owners_neighbor.json,Oct 2026,annual/historical,historical evidence,"Stock of ownership, not purchases. Aggregates only. Kauaʻi and Hawaiʻi County mailing addresses are not public; their owner-occupancy figures (owner_occupancy_kauai_hawaii) are a different measure and do not go in this row. Homeowner-exemption status does not prove a home’s use.",verified,"PUBLISHER-TIMED, ANNUAL / HISTORICAL"
uhero_out_of_state_share,Out-of-state buyer share by houses/condos and ZIP,UHERO: buyer deed address outside Hawaiʻi,2025 sales,State; counties; 65 ZIPs,UHERO_FACTBOOK,sources/uhero.json,2025 sales,annual,historical evidence,Do not label Kihei as having the most out-of-state condo buyers of any ZIP (it ranks 3rd by count).,verified,"PUBLISHER-TIMED, ANNUAL / HISTORICAL"
str_share_of_homes,Vacation rentals as share of homes,UHERO STR share of housing,Housing units,Counties; ZIPs,UHERO_FACTBOOK,sources/uhero.json,2025,annual,"market-influence indicator (context; correlation, not causation)",Listing counts include illegal units.,verified,"PUBLISHER-TIMED, ANNUAL / HISTORICAL"
rate_model_2027,2027 recorded-sales scenarios,"Log-linear fit of annual recorded sales on annual PMMS rate, 2015–2025 (as-published counts)",—,State,Calculated (rate_model.py),rate_model.py; report section “next”,2027 scenarios,annual,forecast/model,"Model, not a forecast of record; 2023 undershot the model.",reproduced,MODEL — refresh when annual inputs change
why_explanations,Why-box explanations,Researcher + skeptic checked narrative with drivers ranked strong/moderate/weak,—,Varies,CONTEXT_PRESS_COMPANY + data above,why/why_result.json; why/why_curated.json; why/why_boxes.json,2026-10-08,context (update when inputs change),context,"Correlation/context unless the box says otherwise; drivers marked “an association, not proof” must keep that label.","verified: final audit confirmed 73 findings; 58 applied to the report; the other 15 concerned only the internal go-to-market page, now archived and not ported. Citation dates re-checked 2026-10-09.",NARRATIVE — revise when the underlying metrics change
fire_zip_restriction,Lahaina/Kula unsolicited-offer ban,Governor’s wildfire proclamations,—,"ZIPs 96761, 96767, 96790",GOV_WILDFIRE_PROCLAMATION,"report text (Chapter 6, Legal context)",Proclamation of 2026-08-24 (to ~2026-10-23),event-driven (check ~every 60 days),context,Must be re-checked around 2026-10-23.,verified 2026-10-08,EVENT-DRIVEN — re-check on the publisher’s schedule
owner_occupancy_kauai_hawaii,Homes taxed as owner-occupied (Kauaʻi) / house lots with a homeowner exemption (Hawaiʻi County),Kauaʻi: residential tax records in the owner-occupied classes ÷ residential tax records (condo units counted once each). Hawaiʻi County: house lots with a homeowner exemption ÷ house lots (Residential or Agricultural class with a building).,"Kauaʻi: 27,097 residential records; Hawaiʻi County: 66,761 house lots","Kauaʻi (5 districts, zone-sections); Hawaiʻi County (9 districts)",KAUAI_TAX_ROLL; HAWAII_COUNTY_ROLL (cross-check STATE_DOTAX_RPT_SUMMARY),sources/occupancy_kh.json,Kauaʻi TY2026–27; Hawaiʻi County certified April 2026,annual/historical,historical evidence (stock),"Not an origin measure and not off-island ownership: ""not owner-occupied"" includes local landlords, long-term rentals, family-held and second homes and vacation rentals. The two counties use different units (Kauaʻi per unit by tax class; Hawaiʻi County per lot by exemption), so do not compare them directly or with Oʻahu/Maui origin shares. Never present a missing exemption as proof of a second home.",verified (independent re-derivation; corrections applied 2026-10-09),"PUBLISHER-TIMED, ANNUAL / HISTORICAL"
board_monthly_first_look,"Island sales and medians, latest month (board reports)","Single-family and condo closed sales, medians and board months of supply for the latest month, from each island board",Same month a year earlier,Four islands,BOARD_MLS_STATS (Hawaiʻi Island year-over-year from TG_RSR),sources/market_oct.json,September 2026,monthly,historical evidence,"A first look ahead of DBEDT_MEI; once DBEDT publishes the month, the monthly series uses DBEDT. Kauaʻi monthly counts are under 20; quote counts, not rates.",verified 2026-10-09,"PUBLISHER-TIMED, MONTHLY — show “as of <month>”"
