id,publisher,title,url,geography,metrics,definitions,cadence,latest_in_report,last_verified,next_expected,reuse,raw,normalized,validation
TG_BUYER,Title Guaranty of Hawaiʻi (private title company),"Buyer Statistics (statewide, four island panels, district pages)",https://www.tghawaii.com/market/ ; PDFs https://www.tghawaii.com/wp-content/uploads/Buyer-Stats-<Oahu|Maui|Kauai|Hawaii-Island>-Q<1-4>-<YYYY>.pdf,"Statewide; Oʻahu, Maui County (incl. Molokaʻi, Lānaʻi), Kauaʻi, Hawaiʻi Island; 26 Title Guaranty districts",Recorded sales by buyer residence (Hawaiʻi / other US / foreign); sales and dollars; top-10 buyer states and up to 5 countries per panel; district US TOTAL and FOREIGN TOTAL,"Buyer origin = address on the recorded documents; Title Guaranty does not publish its method. Other-US = US TOTAL minus Hawaiʻi row. Counts are recorded deeds, not MLS sales.","Quarterly, cumulative year-to-date editions (Q1 Jan–Mar, Q2 Jan–Jun, Q3 Jan–Sep, Q4 full year)",Q2 2026 edition (Jan–Jun 2026; server Last-Modified 2026-08-31); full-year 2025 (Q4 2025 edition),2026-10-09,"Q3 2026 edition (Jan–Sep 2026): not posted as of 2026-10-09. Past Q3 editions were posted between late October and early January (2020-10-30, 2021-11-22, 2022-12-01; Q3 2024 on 2025-01-09).","Publication reads “All rights reserved; no reproduction without prior written consent.” Micah reports written permission received: keep it on file, credit Title Guaranty on every page, confirm scope covers web republication of tables.",handoff/raw_manifests/tg.MANIFEST.txt; handoff/raw_manifests/gap_tg_districts.MANIFEST.txt; handoff/raw_manifests/up_official_sources.MANIFEST.txt,sources/tg.json; gap/tg_districts.json,"District foot rows (US TOTAL + FOREIGN TOTAL) sum to island total; four islands sum to statewide; derived shares match printed pies within 0.5 pt; statewide state counts equal island sums where listed on all four panels; later editions restate earlier periods, so compare periods within the latest edition (e.g. 2024 restated 16,709 vs 16,716 originally). Re-checked 2026-10-09: 23 of 23 core PDFs re-downloaded byte-identical; report citation dates now match Title Guaranty posting dates (HST)."
DBEDT_DATABOOK,Hawaiʻi DBEDT (state agency),"State of Hawaii Data Book 2025, Section 21, Tables 21.36–21.38 (home sales by type and by origin of buyer)",https://files.hawaii.gov/dbedt/economic/databook/db2025/DB2025_section21.xlsx,Statewide and four counties,"Recorded single-family and condo sales and average prices by buyer origin, 2008–2025","Source line: Title Guaranty of Hawaii, Inc., based on DLNR Bureau of Conveyances data; calculations by DBEDT. Origin categories as classified by Title Guaranty.",Annual,2025 (DB2025; xlsx sha256 df9a8331…),2026-10-08,"Data Book 2026 (2026 data), date not announced",Public government data; cite DBEDT and the underlying Title Guaranty/BOC source.,handoff/raw_manifests/databook.MANIFEST.txt,sources/databook.json; page_data.json key tg,"County rows sum to statewide every year; count-weighted averages reproduce statewide averages within $1; 716 overlapping figures match an independent transcription; one Data Book typo (Honolulu 2019 local average) corrected to the QSER value. DBEDT 2024 count (18,007) runs ~8% above Title Guaranty’s own 2024 count (16,709/16,716): compare 2024 by share, not count."
DBEDT_QSER,Hawaiʻi DBEDT,"Quarterly Statistical & Economic Report, 3rd quarter 2026, Tables E-11, E-12, G-49 to G-56",https://dbedt.hawaii.gov/economic/qser/,Statewide and counties,"Quarterly recorded home sales and average prices by buyer origin and county, through Q2 2026",Same Title Guaranty basis as the Data Book.,Quarterly,Q2 2026 (Jan–Jun 2026),2026-10-08,"4th-quarter 2026 QSER (adds Q3 2026), date not announced",Public government data.,(downloaded with DBEDT pull; see handoff/raw_manifests/databook.MANIFEST.txt and market.MANIFEST.txt),"page_data.json keys tg_h1, tg_q","Parsed with the Data Book pull (24 independent checks passed, see verification_primary_sources.json); county quarters sum to statewide; H1 2026 statewide 7,738 recorded sales (+1.5%)."
DBEDT_MEI,Hawaiʻi DBEDT,"Monthly Economic Indicators, county workbooks (MLS-based home sales and medians; visitor arrivals)",https://files.hawaii.gov/dbedt/economic/data_reports/mei/<YYYY-MM>-state.xlsx (e.g. 2026-08-state.xlsx),Four counties,"Monthly single-family and condo sales counts and medians; visitor arrivals (domestic, international)","Sales and medians are board/MLS resales as compiled by DBEDT; medians are monthly medians, not annual.",Monthly (about 4–6 weeks after month end),August 2026,2026-10-09,September 2026 data about 2026-10-29 (the August edition was released 2026-10-01),Public government data.,handoff/raw_manifests/market.MANIFEST.txt,"page_data.json keys months, islands, arr_dom, arr_intl, twenty; sources/market.json; handoff/refresh/state/last_good/dbedt_mei_county_housing.json (automated refresh, latest.json for the site)","Matches Honolulu Board of REALTORS and REALTORS Association of Maui on all figures checked; Kauaʻi and Big Island have no monthly sales counts Mar 2006–Dec 2012 and no monthly medians Mar 2006–Dec 2007. Automated refresh (handoff/refresh): every baseline value through 2026-08 reproduced from the August 2026 workbooks; published YTD exceeds the sum of monthly rows for Maui, Kauaʻi and Hawaiʻi County in the current year (late-reported sales); the July→August 2026 editions revised 5 earlier values; the publication date is set only when the workbook and summary titles agree."
DBEDT_VISITOR_ANNUAL,Hawaiʻi DBEDT,"2024 Annual Visitor Research Report workbook: Table 55 (domestic air arrivals by island and US metro), Tables 23 and 25 (Japan regions, Canada provinces); 2025 report (Table 56 metro by island)",https://files.hawaii.gov/dbedt/economic/archive/tourism/annual-reports/2024-annual-visitor.xlsx,Four islands × US metros; Japan regions; Canadian provinces,Visitor arrivals by origin metro and island; metro over-index (calculated),Over-index = metro’s share of its Hawaiʻi visitors going to the island ÷ the same share for all listed metros; Utah’s three metros combined.,Annual,2025 (published 2026-09-28; Table 56) for the visitor-metro rows in #buyers and Chapter 6. 2024 remains for the Japan and Canada region tables and the Why-box figures that cite it.,2026-10-09,"2026 report, likely late September 2027 (2025 report posted 2026-09-28)",Public government data.,"handoff/raw_manifests/visitors.MANIFEST.txt; handoff/raw_manifests/up_visitors_2025.MANIFEST.txt (2025 sha256 08b54f4b…; 2024 sha256 86bf9ca5… from the official /archive/ URL, identical to the copy first used)",sources/visitors_2025.json (2025 and 2024 side by side); sources/visitors.json; vis_cbsa.json (2024 history),2024 computation replicated exactly from the official file; 2025 metro changes equal DBEDT Table 57 and island shares equal Table 54 (0.0 pt difference); Table 21 vs 53 0 difference; 67 metro rows (65 after combining Utah) in both years.
IRS_SOI_MIGRATION,"Internal Revenue Service, Statistics of Income","County-to-county and state-to-state migration data, 2004–05 through 2022–23",https://www.irs.gov/statistics/soi-tax-stats-migration-data,Four Hawaiʻi counties × US counties; Hawaiʻi × states,"Tax returns (households), exemptions (people), AGI moving in and out","Counts tax-filing households that changed address between filing years; not buyers or sellers. IRS changed method with 2011–12 (full-year filings, spouse/dependent matching); county pairs under 20 returns are suppressed (10 before 2013–14).","Annual, roughly 2–3 years after the moves",2022–23 filing-year pair (moves through early 2023),2026-10-09,2023–24 data: IRS SOI public release schedule lists 2026-11-20 (tentative),Public domain (US federal).,"irs_sha256.txt, irs_outflow_sha256.txt; handoff/raw_manifests/irs.MANIFEST.txt; handoff/raw_manifests/up_official_sources.MANIFEST.txt","page_data.json keys irs, irs20, mig, corridors, state_corr, dest4; irs_instate.json",All 50 IRS files the report uses were re-downloaded from irs.gov on 2026-10-09: 49 byte-identical and 50 identical cell for cell. The one byte difference (1112hi.xls) is a 2026 re-save of the same values; use the irs.gov file as the raw copy. Only county pairs ≥20 in every year are compared; counts are lower bounds.
FFIEC_HMDA,FFIEC / CFPB,"HMDA Data Browser, 2025 and 2019 loan-level public data",https://ffiec.cfpb.gov/data-browser/,Four counties; census tracts mapped to county subdivisions (2020 and 2010 tracts),"Originated home-purchase loans (1–4 unit, site-built): occupancy type, loan type (VA etc.), applicant income, property value","Occupancy 1 principal residence, 2 second residence, 3 investment. Covers financed purchases only (no cash). Second-home vs investment coding changed between 2019 and 2025, so only the combined non-principal share is compared.",Annual (snapshot each spring),2025,2026-10-08,"2026 data, expected spring–summer 2027",Public data.,handoff/raw_manifests/hmda.MANIFEST.txt; handoff/raw_manifests/gap_hmda_tract.MANIFEST.txt (Census geography),sources/hmda.json; micro/hmda_tiers.json; gap/hmda_tract.json,"County totals reconcile across hmda.json, hmda_tiers.json and hmda_tract.json in both years; 0 mismatches across 203 (2025) and 257 (2019) geography groups on independent recompute; cells under 20 loans flagged and not quoted as rates."
CENSUS_ACS,US Census Bureau,American Community Survey 1-year county estimates 2010–2024; ACS 2024 PUMS,https://data.census.gov/ ; PUMS https://www2.census.gov/programs-surveys/acs/data/pums/2024/1-Year/,Four counties (Kalawao excluded); PUMS state/PUMA,"Median household income, home value, rent, tenure, vacancy (incl. seasonal), cost burden, movers",Survey estimates with margins of error; 2020 1-year experimental.,Annual (September for prior year),2024,2026-10-08,ACS 2025 1-year (released Sept 2026) not integrated: future work,Public domain.,"via Hawaiʻi Appleseed processed panels (acs_panel.json, PUMS) — processed copies, not raw Census files","page_data.json keys acs, pums","2024 vacancy rates match ACS published figures; PUMS weights sum to 1,446,146 people and 572,824 housing units."
FREDDIE_PMMS,Freddie Mac,"Primary Mortgage Market Survey, 30-year fixed",https://www.freddiemac.com/pmms ; history https://www.freddiemac.com/pmms/docs/historicalweeklydata.xlsx,United States,Weekly average 30-year fixed rate,Weekly survey released Thursdays.,Weekly (Thursday),Week of 2026-10-08: 7.40% (2026 low 5.98% on 2026-02-26),2026-10-09,Every Thursday,Freddie Mac permits use with attribution.,handoff/raw_manifests/pmms.MANIFEST.txt,"page_data.json key mortgage (monthly; October 2026 point = first week only, 7.28%)","Re-downloaded 2026-10-09: Oct 1 7.28%, Oct 8 7.40%, seven straight weekly increases, 2026 low 5.98% (Feb 26)."
CENSUS_BPS,US Census Bureau (via FRED HIBPPRIV),"Building Permits Survey, private housing units authorized",https://fred.stlouisfed.org/series/HIBPPRIV,State; counties,Housing units authorized by permit,"Units authorized, not started or completed.",Monthly; annual county,2026 year to date (see page_data ext.permits_state_months_2026),2026-10-08,Monthly,Public domain.,via FRED,"page_data.json ext.permits_state, ext.permits_county",Not independently re-verified in this PR; series read from FRED as published.
REALTOR_COM,"Realtor.com (Move, Inc.) Economic Research","Residential Data: inventory core metrics, county and ZIP history",https://econdata.s3-us-west-2.amazonaws.com/Reports/Core/RDC_Inventory_Core_Metrics_County_History.csv ; …_Zip_History.csv,Four counties; Hawaiʻi ZIPs (83 reporting in Sep 2026),"Active listings, median list price, days on market, price-reduced share, new listings, pending ratio","Listing data, not sales. quality_flag = 1 marks lower-quality months. Maui County flagged every month Dec 2025–Sep 2026; Kauaʻi price-cut field near-empty in Sep 2026.",Monthly,September 2026,2026-10-08,"October 2026 data, early November 2026",Free research data; attribution required; confirm commercial-site reuse terms before porting.,handoff/raw_manifests/mm_rdc_zip.MANIFEST.txt,"micro/rdc_zip.json; page_data.json ext.mos (months of supply, calculated)",Sep 2026 history values equal the current-month file for all 83 ZIPs; ZIP sums within ±9 of published county counts.
UHERO_FACTBOOK,"UHERO, University of Hawaiʻi",The Hawaiʻi Housing Factbook 2026 (and Data Book appendix),https://uhero.hawaii.edu/wp-content/uploads/2026/05/TheHawaiiHousingFactbook2026.pdf,"State, counties, 65 ZIPs","Out-of-state buyer share by houses and condos (2025 sales, by deed address), median sale prices, short-term-rental share of homes",Out-of-state = buyer deed address outside Hawaiʻi.,Annual (May),2026 edition (2025 sales),2026-10-08,2027 edition (~May 2027),Cite UHERO; confirm reuse terms for republishing tables.,handoff/raw_manifests/uhero.MANIFEST.txt,sources/uhero.json,"Independent parse of PDF pp. 25–94 matches the extracted data book with 0 differences across 2,380 fields."
HNL_OWNER_ROLL,"City and County of Honolulu, Real Property Assessment","OWNINFO / OWNDAT owner tables, ASMTPITT tax class, LEGDAT situs ZIP (ArcGIS services)",https://services.arcgis.com/tNJpAOha4mODLkXz/arcgis/rest/services/OWNINFO/FeatureServer/0,"Oʻahu parcels (587,662 owner records; 270,163 residential parcels with a mailing address)","Owner mailing-address location (Hawaiʻi / other US / foreign; state, metro, ZIP3); homeowner-exemption flag",Mailing address = where the tax bill goes (may be a manager or trust). Addresses shared by 10+ parcels treated as institutional. Exemption status does NOT identify how a home is used.,Continuous updates; annual certified roll,Data as of 2026-10-05,2026-10-08,Ongoing,"Owner mailing addresses are public records (OIP Op. Ltr. 11-01); portal terms for bulk/commercial reuse not verified. Publish aggregates only; never owner names, addresses or parcel IDs.",handoff/raw_manifests/owners_oahu.MANIFEST.txt (raw files not in repo: owner-level),sources/owners_oahu.json; owners/oahu_individual.json; sources/owners_oahu_aggregates.json,23 independent checks passed; residential shares 91.2% Hawaiʻi / 7.6% other US / 1.0% foreign.
MAUI_PARCEL_FABRIC,County of Maui,Parcel fabric with owner mailing fields (2026-10-04) and 2026 certified roll,Maui County ArcGIS parcel fabric (see handoff/raw_manifests/owners_neighbor.MANIFEST.txt),Maui County parcels,Share of residential parcels owned from outside Hawaiʻi by district; owner change Apr→Oct 2026 (proxy for recent buyers),"Owner-change proxy is an estimate, not recorded sales; its origin mix depends on an address filter (see verification).",Continuous; annual certified roll,2026-10-04,2026-10-08,Ongoing,As for Honolulu: aggregates only.,handoff/raw_manifests/owners_neighbor.MANIFEST.txt,sources/owners_neighbor.json; micro/maui_join.json,24 checks passed; owner-change proxy flagged as filter-sensitive (moderate).
MAUI_RPT_SALES,"County of Maui RPT, processed by Hawaiʻi Appleseed",Maui real property sales data file (conveyance-tax schedule: homeowner vs non-homeowner rate),County of Maui Real Property Tax sales data (via Hawaiʻi Appleseed processed CSV),Maui County,"Sales by fiscal year and price bin, by conveyance-tax schedule","“Non-owner” = buyer not eligible for the homeowner exemption: includes local landlords, investors and second-home buyers; the data cannot separate them.",Annual fiscal year (July–June),FY2026 (July 2025–June 2026),2026-10-08,FY2027 after June 2027,Public records; processed copy by a third party (Hawaiʻi Appleseed).,"processed file (dl/appl2/), not raw county export",page_data.json key maui_fy; micro/maui_join.json,Price-bin totals reconcile; entry tier includes nominal documents that cannot be separated.
HNL_SALES_EXTRACT,"City and County of Honolulu (public records request), as compiled in Moku’s oahu-sales.json",Oʻahu recorded sales extract (latest two sales per parcel),/home/user/moku/oahu-sales.json (in this repository),"Oʻahu (110,127 parcels)",Repeat-sales price index by TMK zone; sales matched to owner roll by price tier,"Keeps each parcel’s latest two sales, so early years under-represent homes that resold later. 2025 thins after April; last sale 2025-09-26.",Ad hoc extract,Index through 2025 (2024 last full year); sales through 2025-09-26,2026-10-08,Re-export needed for Oct 2025 onward (future work),Public records.,oahu-sales.json (repo root),"moku_index.json; page_data.json keys moku_index, zones; micro/oahu_tiers.json; micro/oahu_join.json",Index year-over-year changes correlate 0.94 with Zillow ZHVI Honolulu; owner-roll match within about 1–4 points of Title Guaranty island shares.
BOARD_MLS_STATS,"Honolulu Board of REALTORS (HiCentral MLS), Hawaii Information Service (Big Island), Kauai Board of REALTORS, REALTORS Association of Maui; Oʻahu/Big Island/Kauaʻi republished by Fidelity National Title",District YTD market statistics (August 2026 Fidelity summaries; RAM September 2026 report),https://hawaii.fntic.com/FNTRSHawaii/media/FNT-RS-Hawaii/PDF/FINAL-<Oahu-Stats|Big-Island|Kauai-Stats>-AUGUST-2026*.pdf ; https://www.ramaui.com/housing-statistics,"21 HBR TMK areas (Oʻahu), 9 tax districts (Hawaiʻi Island), 5 districts (Kauaʻi), 25 RAM areas + All MLS (Maui County)","MLS resales and medians, houses and condos, YTD vs prior YTD",MLS resales only; medians are YTD medians.,Monthly,"District YTD scorecards: Jan–Aug 2026 (Oʻahu, Hawaiʻi Island, Kauaʻi), Jan–Sep 2026 (Maui). Island monthly: September 2026 for all four islands (#now).",2026-10-09,"October 2026 editions, early November 2026. HBR had not posted its September report on its own site as of 2026-10-09 (the report uses the HBR-authored copy posted by a member brokerage on 2026-10-06).",Board MLS statistics republished by a title company; confirm republication terms with the boards before porting tables. Re-point Oʻahu September figures to HBR's own posting (hicentral.com) once it appears.,handoff/raw_manifests/mm_district_stats.MANIFEST.txt; handoff/raw_manifests/up_market_oct.MANIFEST.txt; handoff/raw_manifests/up_market_oct-verify.MANIFEST.txt,micro/district_ytd.json; micro/district_stats.json; sources/market_oct.json (September 2026),District rows sum exactly to island totals for every island and type; final audit re-parsed every row with 0 mismatches. September 2026: Oʻahu figures re-derived from the HBR report (YTD equals the sum of monthly rows; months of supply recomputes); the August brokerage copy was numerically identical to HBR's own; Kauaʻi and Hawaiʻi Island board counts equal Title Guaranty's September RSR exactly.
HL_LUXURY,Hawaiʻi Life (private brokerage) — company-reported,"Luxury market reports, 2025 year-end and 2026 midyear",https://smarket.hawaiilife.com/products/hl-luxury-market-report-2025-year-end ; …-2026-midyear,Four islands; submarket maps,$3M+ and $10M+ sales counts; median $3M+ home; record sales,Company-reported MLS counts; chart reads vs text can conflict (see verification).,Semiannual,January–June 2026,2026-10-08,2026 year-end report (~Jan–Feb 2027),A competitor’s marketing report: cite as “reported”; do not republish its charts; prefer rebuilding $3M+ counts from public sales data (future work).,handoff/raw_manifests/mm_luxury.MANIFEST.txt,micro/luxury.json; micro/luxury_buyers.json,28 checks passed; text-vs-chart conflict on H1 2025 $10M+ count recorded.
GOV_WILDFIRE_PROCLAMATION,"Office of the Governor, State of Hawaiʻi","Wildfire emergency proclamations (Thirty-second, 2026-08-24)",https://governor.hawaii.gov/ (proclamations),"ZIPs 96761, 96767, 96790",Ban on unsolicited offers to buy real property,Runs about 60 days per proclamation; renewed since Aug 2023.,About every 60 days,"Thirty-second proclamation, 2026-08-24, to about 2026-10-23",2026-10-08,Check for a Thirty-third proclamation around 2026-10-23,Public law.,(skeptic download recorded in verification files),report text only,ZIP list confirmed against the proclamation text in the final audit.
CONTEXT_PRESS_COMPANY,"Various (Howard Hughes Holdings filings, UHERO Forecast, Hawaii Business, Star-Advertiser, Maui Now, etc.)",Context sources cited in narrative and Why boxes,See why/why_result.json evidence lists and the report’s Sources and checks chapter,Varies,Context only (e.g. 527 Ward Village closings Q2 2026; Bill 9/Bill 88 status; UHERO 2027 forecast),Tagged Reported or Forecast in the report.,Varies,Through 2026-10-08,2026-10-08,n/a,Cite; do not republish copyrighted text.,n/a,why/why_result.json,Each Why box: researcher + skeptic; 20 visible-text corrections applied from the final audit.
KAUAI_TAX_ROLL,"County of Kauaʻi, Real Property Assessment (via the county ArcGIS layer)",Tax year 2026–27 property-tax layer (TY26_PropertyTaxData); tax classes per Kauaʻi County Code 5A-9.1 (Bill 2944),County ArcGIS item and query URLs in handoff/raw_manifests/up_occupancy_kh.MANIFEST.txt; ordinance at kauai.gov,Kauaʻi; 5 tax zones; zone-sections,"Records by tax class (owner-occupied, owner-occupied mixed-use, vacation rental, non-owner-occupied residential, long-term affordable rental), market and assessed value",Owner-occupied = classes 8 and 10; vacation rental = class 2; other non-owner-occupied = classes 1 and 11 with taxable value > 0. Condo units counted once each; condo master records dropped. No owner mailing addresses.,Annual tax-year roll; layer edited continuously,TY2026–27 (layer last edit logged in the manifest),2026-10-09,"TY2027–28 roll, around mid-2027",Public county layer; terms for bulk or commercial reuse not verified. Publish aggregates only; no parcel IDs.,handoff/raw_manifests/up_occupancy_kh.MANIFEST.txt,sources/occupancy_kh.json (results.kauai),Independent re-derivation reproduced every headline; parcel centroids fall in the matching zone polygon for 99.6% of records; owner-occupied share within 0.5 pt of the State 2026–27 summary (50.8% vs 50.4%); exact duplicate records dropped (3).
HAWAII_COUNTY_ROLL,"County of Hawaiʻi, Real Property Tax Office (via the county ArcGIS layer)","Certified 2026 real property roll (cohRPT2026), April 2026",County ArcGIS item and query URLs in handoff/raw_manifests/up_occupancy_kh.MANIFEST.txt,Hawaiʻi County; 9 districts; neighborhood codes,"Parcels by tax class (PITT code), homeowner-exemption flag, assessed land and building value","House lot = Residential (100) or Agricultural (500) class parcel with building value > 0; owner-occupied = homeowner exemption flag Y. Whole lots, not condo units (1,029 apartment and multi-use lots excluded). No vacation-rental class. No owner mailing addresses.",Annual certified roll (April),Certified April 2026,2026-10-09,"Certified 2027 roll, April 2027",Public county layer; terms for bulk or commercial reuse not verified. Publish aggregates only; no TMKs.,handoff/raw_manifests/up_occupancy_kh.MANIFEST.txt,sources/occupancy_kh.json (results.hawaii_county),Independent re-derivation reproduced every headline; 99.9% of parcel centroids fall in the matching district; repeated TMK records (76) dropped as attribute-identical.
STATE_DOTAX_RPT_SUMMARY,State of Hawaiʻi Department of Taxation,"Real property tax summaries, tax year 2026–27 (records by class, by county)",See handoff/raw_manifests/up_occupancy_kh.MANIFEST.txt,Four counties,Record counts and values by county tax class,County-reported class counts; residential owner-occupied share of residential records,Annual,TY2026–27,2026-10-09,"TY2027–28 summary, 2027",Official public document.,handoff/raw_manifests/up_occupancy_kh.MANIFEST.txt,sources/occupancy_kh.json (results.official_state_rpt_summary_TY2026_27),"Used only as a cross-check: Kauaʻi 50.4%, Maui 46.2%, Hawaiʻi County 48.1% (includes vacant residential lots, so not like-for-like with the house-lot figure)."
TG_RSR,Title Guaranty of Hawaiʻi,Residential Sales Reports by island (monthly) and Statewide Housing Statistics,https://www.tghawaii.com/market/ ; e.g. https://www.tghawaii.com/wp-content/uploads/Residential-Sales-Report-Hawaii-9.2026.pdf,Four islands,"Monthly MLS sales counts, medians, dollar volume, year-over-year changes",Board/MLS data republished by Title Guaranty; first prints are revised in later charts,Monthly,September 2026 (used only for Hawaiʻi Island year-over-year changes in #now),2026-10-09,"October 2026 reports, early November",Same Title Guaranty permission as TG_BUYER; confirm scope.,handoff/raw_manifests/up_market_oct.MANIFEST.txt,sources/market_oct.json (results.d_title_guaranty_rsr),September Kauaʻi and Hawaiʻi Island counts and medians equal the board graphics exactly; prefer board figures when they differ.
